kepoi_name,koi_depth_ppm,koi_impact,ppb,d4,n4,d6,n6,d8,n8,d12,n12
K03380.01,254.6,0.663,19.0,0.0002486729634446627,25,0.0002788761189308486,17,0.00027651605624179343,13,0.00018640396205737986,9
K04112.01,60.5,0.471,46.0,5.4542840526083936e-05,25,5.388000914596791e-05,17,6.223098015734063e-05,13,6.927404546352989e-05,9
K08087.01,10578.7,0.916,313.0,0.00842660665512085,25,0.008642196655273438,16,0.00851944088935852,12,0.008621782064437866,8
K03899.01,167719.0,0.839,94.0,0.15002596194744633,25,0.16058569822565305,17,0.16427460556267282,13,0.16783215767647275,9
K02808.01,105.1,0.283,65.0,7.905313727929464e-05,25,7.745278353010754e-05,17,7.69216282353602e-05,13,7.890373705288223e-05,9
K07665.01,155.2,0.092,1.0,0.00014425849143906433,25,0.00011563766748223792,16,0.0001088953645592694,12,0.00010320416575337887,8
K00443.01,758.3,0.336,16.0,0.0007463006125640881,25,0.0007667728950778718,17,0.0007487982269441806,13,0.0007354497234767221,9
K01903.01,173.4,0.062,56.0,0.00016903585538452504,25,0.0001714968782985382,17,0.00017517632475549938,13,0.00017394317493701905,9
K01197.01,456.7,1.193,131.0,0.0004077692706858649,25,0.00041542140293437946,17,0.0004313288097775869,13,0.00043039205093464705,9
K03559.01,370871.0,0.5357,2.0,0.2871104739667334,25,0.314223305779759,17,0.3224320012476889,12,0.3306553746943415,8
K05053.01,89.2,0.2764,7.0,6.626156974831598e-05,25,6.517361063640426e-05,17,7.389444383065769e-05,13,7.389444383065769e-05,9
K05061.01,19400.9,0.813,115.0,0.017380369116196226,25,0.018365964828571113,17,0.018735867099524905,13,0.019250179714352833,9
K01659.01,403.3,0.213,7.0,0.00036913852734477004,25,0.0003615782892836261,17,0.0003546614949381244,13,0.00037569048256691495,8
K06451.01,27.1,0.669,117.0,3.0620628218902546e-05,25,3.502237317021262e-05,17,3.771630415572158e-05,13,3.4393866631399206e-05,9
K05106.01,351.1,0.121,1.0,0.0001888418868749575,15,0.00017356881519470235,9,0.00017227202011738108,7,0.00011606053806523242,5
K06490.01,66876.8,0.998,15.0,0.059314300884424576,25,0.06349718129093673,17,0.06482475469648341,13,0.06629669133119986,9
K00406.01,8494.0,8.364,5.0,0.007521646854805608,25,0.008011728422390396,17,0.008153490219268367,12,0.008229534442413922,8
K02973.01,213.3,0.678,27.0,0.00021056306142142045,25,0.00022343493141518955,17,0.000245357233593535,13,0.0002424304421098089,9
K08100.01,349.5,0.912,3.0,0.0003124953189480584,25,0.0003324660671221169,16,0.0003308088861985192,12,0.0003913637390341451,8
K06561.01,44998.1,0.434,121.0,0.043189656794299536,25,0.04331544428262912,17,0.043374390211293634,13,0.043486018696888284,9
K04097.01,202.0,0.787,10.0,0.00017567347346780782,25,0.00017861041225386565,17,0.00017774064312992,13,0.0001588325207270147,9
K01834.01,417.0,0.615,24.0,0.00046356513787215725,25,0.0004928754116775291,17,0.0004920900328322375,13,0.0004904733937214356,9
K05225.01,215.7,0.03,5.0,0.00011593305932355857,26,0.00015902957113733684,16,0.00017640991058986977,12,0.00010422347175265134,8
K07768.01,73.4,0.417,91.0,5.233413648209062e-05,25,4.997896956415726e-05,17,4.965949804180969e-05,13,5.7917763708004166e-05,9
K05273.01,228.5,1.145,164.0,0.0002083378539277092,25,0.0002160315510244537,17,0.00021081566635250404,13,0.00021854819990141383,9
K06713.01,71.0,0.994,54.0,5.584739467123789e-05,25,6.295702879388632e-05,17,8.289874471112402e-05,13,6.440528165807535e-05,9
K00372.01,7841.6,0.471,4.0,0.007445091445760554,24,0.007438164732156527,16,0.007427289059788067,12,0.007461291615054488,8
K03818.01,218.9,0.015,117.0,0.00030646635551356827,25,0.0002978176639699681,17,0.0002899028765321887,13,0.0002923155880255601,9
K04483.01,111.6,0.372,81.0,0.0001019828989485827,25,9.801275807352905e-05,17,9.681005390338449e-05,13,9.623243938150505e-05,9
K04738.01,326.4,0.4736,5.5,0.0001085679422410113,16,0.00014534158611256842,10,0.0001504165254540002,8,0.00022737383303716996,6
K02944.01,906.8,1.236,11.0,0.0007555245382703246,25,0.0008537753656671088,17,0.000847189225649303,13,0.0008643340807448219,9
K00205.01,9763.3,0.623,13.0,0.009495351767532467,25,0.009672844069246067,17,0.00967966210013882,13,0.009691284836106595,9
K06827.01,92.1,0.77,395.0,9.03010368347168e-05,25,8.696317672729492e-05,17,8.815526962280273e-05,12,8.636713027954102e-05,8
K04866.01,38.6,0.487,301.0,3.539662859930459e-05,25,3.459259339977372e-05,17,3.3756404600460144e-05,13,3.19281300580343e-05,9
K06833.01,107665.0,0.983,30.0,0.0952364241087128,25,0.10341009249536459,17,0.10649872961914941,13,0.10855158184231017,9
K06837.01,62755.2,1.091,14.0,0.05575506338096359,25,0.059457896773283836,17,0.060923637569781475,13,0.06219593492661912,9
K01346.01,56545.0,1.082,37.0,0.046070679780105595,25,0.05023999251461475,17,0.050985463500523465,13,0.05263607275364768,9
K07825.01,47.8,0.243,190.0,5.0184331158886764e-05,25,4.368828211687159e-05,17,4.2499509081750375e-05,13,4.094299214441044e-05,9
K06865.01,82.6,0.681,395.0,7.814168930053711e-05,25,8.237361907958984e-05,17,7.659196853637695e-05,13,7.87973403930664e-05,8
K04450.01,631.9,0.019,2.0,0.0005576649046786786,25,0.0004489441947455042,17,0.0005472473236611819,13,0.000550897582256904,8
K03303.01,659.2,0.75,8.0,0.0006437744575541471,25,0.000632263267199562,17,0.0005083825413597642,13,0.0006200833185433519,9
K04561.01,196.8,0.561,7.0,0.00019427581012354533,25,0.00021243904812218162,17,0.00019018124835168404,12,0.00020310827313829716,8
K03758.01,28869.0,0.985,9.0,0.02548627782364221,25,0.02765282591626006,17,0.027657933990085426,13,0.027893341107768088,9
K06940.01,244952.0,0.724,36.0,0.21382603227469266,25,0.23027205143261664,17,0.23714259413186123,13,0.24161914238701487,9
K08153.01,7676.4,1.269,221.0,0.010655604567196164,25,0.011880231035685695,17,0.012431148086253563,13,0.012594914280802061,9
K05483.01,102994.0,0.774,25.0,0.09191284885950912,25,0.09794576152422352,17,0.09993506330303248,13,0.10159499994431331,9
K02174.02,825.2,0.791,6.0,0.0006358728871814767,25,0.0007380822218107097,17,0.0005944690592269986,13,0.0005900535894002301,9
K02174.03,382.2,0.954,14.0,0.0002937729441402359,25,0.0002828712629985297,17,0.0002853298467989651,13,0.00032153862669836997,9
K04880.01,216.9,0.243,2.0,0.00021567650495168955,25,0.0002141595136486707,16,0.0002608421422940488,12,0.0002151436359649761,8
K02841.01,1033.0,0.109,3.0,0.0009456151675879543,25,0.0009269970169597519,17,0.0009191013956445504,13,0.0009395289998228584,8
K01734.01,787.5,0.959,57.0,0.0007285577493779671,25,0.000769559112228202,17,0.0007668498702924076,13,0.0007193080568674848,9
K01395.01,1449.2,0.808,14.0,0.0016050677305167182,25,0.0014710869910884439,17,0.0014302289602866614,13,0.0014003592568436751,8
K07927.01,992.8,1.243,197.0,0.0007141760221566207,25,0.000792961821103999,17,0.0008164842744570189,13,0.0008097190164435553,9
K05631.01,171.6,0.1627,5.0,0.00014559034670591497,25,0.00013873665102204225,17,0.00012392468027833115,13,0.0001116053031370301,8
K07149.01,245319.0,0.451,103.0,0.2266526005386017,25,0.23807806006914556,17,0.240797014217219,13,0.24207825381533254,9
K02060.01,706.7,0.806,20.0,0.0006388497696725448,25,0.00063700194484273,17,0.0006759516386317665,13,0.0006613774231316594,9
K01390.01,9681.4,0.618,48.0,0.009214181893971163,25,0.009391828095142829,17,0.009447178634044318,13,0.009564586767985994,9
K02298.02,141.7,0.476,6.0,0.00013117192859912752,25,0.00013384215258183119,17,0.00013151658667598376,13,0.00013151658667598376,9
K04788.01,74.0,0.3437,36.0,6.681657051743617e-05,25,7.244746006085379e-05,17,7.050953739295984e-05,13,7.004536868604472e-05,9
K03296.01,341.7,0.954,5.0,0.0003265461939723213,25,0.00032872467357814017,17,0.00032409167061475674,13,0.0003233898844411387,9
K01866.01,1362.2,0.027,3.0,0.0013461486637544873,25,0.0013195862929837876,16,0.0013122838849680685,12,0.0013223388540637426,8
K04239.01,116.3,0.503,48.0,8.894990305341466e-05,25,8.39499610783001e-05,17,9.452585000535585e-05,13,6.287874187782538e-05,9
K05706.01,996.6,0.03,3.0,0.000869866087172988,25,0.0008439398993501657,17,0.0007889364204012317,13,0.0007762261007615567,8
K00325.01,467.3,0.995,19.0,0.00042201077775816387,25,0.00043530483147591337,17,0.0004346453320415167,13,0.00043534840636993977,9
K01526.01,163.0,0.941,44.0,0.00014773468321738203,25,0.00015216506118109763,17,0.00015069627003927444,13,0.00015005097789189126,9
K04650.01,95.6,0.388,104.0,6.695012281299206e-05,25,9.311044698301352e-05,17,6.598856795392294e-05,13,8.942433612446621e-05,9
K00956.01,2039.7,0.494,17.0,0.0019116064604174365,25,0.0019242737547554567,17,0.0019331471786646626,13,0.0019304520169772799,9
K04189.01,1213.9,0.908,3.0,0.0011733965479959751,25,0.001166376459808438,16,0.0011473456284812888,12,0.0011512361275343164,8
K04897.01,170.7,0.004,28.0,0.00017108210824301473,25,0.00017111952529913488,17,0.00016781694153666926,13,0.0001666786503282669,9
K04324.01,35.6,0.556,29.0,2.711657168752435e-05,25,2.797200568604996e-05,17,3.095823424759114e-05,13,3.0807169302926596e-05,9
K03562.01,72792.5,0.944,10.0,0.06512468782742353,25,0.0687208587511553,17,0.07054084180826492,13,0.07140332133169658,9
K04894.01,137.0,0.098,17.0,0.00011275788992015645,25,0.00010861541383189177,17,0.00014371262060741685,13,0.00010665277800048223,9
K05771.01,416.4,0.0297,0.0,0.00031785136655626545,8,0.00031305129836578516,5,0.0003058128553656836,4,0.00029857441236569304,3
K07997.01,592.9,0.295,2.0,0.0004913691252288466,18,0.000500242392093897,11,0.0005878025071557325,9,0.0005757114654200146,6
K00289.01,492.8,0.015,15.0,0.0004827803558231647,25,0.00048174252661348227,17,0.0004833931371658329,13,0.0004846030388196976,9
K00289.02,2763.1,0.429,3.0,0.002688554951068456,25,0.0027064385047351758,17,0.0026776620367925386,13,0.002671896739116053,8
K05791.01,282.9,0.5548,0.0,0.0002828151100612297,7,0.0002986511051268348,6,0.0002712634730209773,4,0.00022970716490122722,3
K08207.01,1363.8,0.01,3.0,0.0009156116704800432,25,0.00123896345313379,17,0.0012840988734814651,13,0.0013209150286126459,8
K04261.01,135.7,0.333,63.0,0.00014295217855020415,25,0.00012964709050766743,17,0.00011491176330158392,13,0.00014543982928671984,9
K00338.01,327.3,0.683,18.0,0.0003081651539181829,25,0.00030925951605265123,17,0.00030409021116917234,13,0.0003211751705877175,9
K00338.02,77.2,0.7,33.0,6.973142532584742e-05,25,6.838400619046947e-05,17,7.707418256153176e-05,13,7.565161869438342e-05,9
K04171.01,352.5,1.2,221.0,0.00028827604954340114,25,0.0003093418573788531,17,0.0003123192968675914,13,0.00034519311220315707,9
K03063.01,242.5,0.093,16.0,0.0002028308546454527,25,0.0001954234275913791,17,0.00024250255739766136,13,0.00028192703116936,9
K00214.01,5976.5,0.905,18.0,0.005368648974780177,25,0.00563286565992438,17,0.005772941365588369,13,0.005832791343606369,9
K03326.01,10774.0,1.258,8.0,0.0066848337455066575,25,0.006983043707210923,17,0.007201903281244926,13,0.007196680542410849,9
K00241.01,765.2,0.904,12.0,0.0007437816680109233,25,0.0007659788695434377,17,0.00077968068855927,13,0.0007761703450710478,9
K00241.02,301.4,0.958,8.0,0.00027000307748659136,25,0.00027639182011929275,17,0.0002602833549982808,13,0.0002617642608229165,9
K00241.03,136.2,0.971,35.0,0.0001226378560461594,25,0.00011729114393788098,17,0.00011783380977004043,13,0.00011685302004749154,9
K06237.01,133.8,0.0094,1.0,7.594795377885433e-05,14,5.9977731662108624e-05,9,5.8869535991545874e-05,7,4.8155727359056044e-05,4
K01781.01,2018.1,0.714,16.0,0.00196692563907086,25,0.0019963911865443773,17,0.001994084827413367,13,0.0019982844267105726,9
K01781.02,691.6,0.844,29.0,0.0006652376874017873,25,0.0006571879829342375,17,0.0006524501630881252,13,0.0006470745133032585,9
K01781.03,1286.6,0.951,4.0,0.0010897559022614578,25,0.001245098451822857,17,0.0012433574120549462,13,0.0012402076783599725,9
K03471.01,7062.8,1.01,5.0,0.006475256663902806,19,0.006494119609813609,13,0.0066313447798185265,10,0.0066574350586845465,6
K00297.01,134.1,0.906,24.0,0.0001273026344243977,25,0.00012615334267285228,17,0.0001259310529555524,13,0.00012648681625504477,8
K05970.01,467.9,0.0653,0.0,0.00034538628796643156,12,0.00026616469071782944,6,0.00034692978984751655,4,0.00034692978984751655,4
K02745.01,572.1,0.033,13.0,0.0005774540100985659,25,0.0005708536798508801,17,0.0005603740028612414,13,0.000549102564017856,9
K02184.01,325.6,0.004,67.0,0.0003359956698901767,25,0.0003447236877169857,17,0.00033134103302645546,13,0.0003551143979745319,9
